Headline,Category
Путин призвал свести к минимуму последствия террористических ударов Киева,Политика
Министры и руководители энергокомпаний участвуют в совещании у Путина по топливу,Экономика
Путин поручил приложить усилия для соблюдения графиков поставок топлива для АПК,Экономика
Путин назвал экономически обоснованные цены в числе мер для стабилизации топливного рынка,Экономика
Путин провел совещание по обеспечению топливом внутреннего рынка. Трансляция завершена,Экономика
Путин: правительственный штаб по ситуации с топливом работает в круглосуточном режиме,Экономика
Путин поручил принять системные меры по стабилизации топливного рынка,Экономика
"Путин: очереди на заправках есть, и нужные марки бензина не всегда в наличии",Экономика
Путин: обсуждается возможность полного запрета на экспорт дизельного топлива,Экономика
Путин: запасы бензина почти соответствует уровню 2025 года,Экономика
Путин: Россия начала использовать резервы топлива,Экономика
"Путин: запасы бензина в РФ составляют 1,7 млн тонн",Экономика
Путин: на внутренний рынок РФ поступили ранее накопленные объемы топлива,Экономика
Путин: в июле производство основных видов топлива должно превысить июньские показатели,Экономика
Путин провел совещание по обеспечению топливом внутреннего рынка,Экономика
Путин: мощности крупнейших НПЗ используются по-максимуму,Экономика
Путин предложил обсудить дополнительные шаги по бесперебойному обеспечению топливом,Экономика
Военная операция на Украине. Онлайн,Конфликты
В Чехии вновь обновился температурный рекорд,Погода
"Федеральный список и регионы. Кого ""Единая Россия"" выдвинула на выборы в Госдуму",Политика
11 федераций обратились в European Gymnastics с просьбой отменить символы РФ,Спорт
"МИД Финляндии заявил, что время для переговоров ЕС с Россией еще не пришло",Политика
Канчельскис назвал провалом выступление азиатских сборных на ЧМ-2026,Спорт
"Медведев назвал лидеров списка ""Единой России"" патриотами страны",Политика
В Бугуруслане подтопленными остаются 97 участков,ЧП
"Приумножение народа, список кандидатов в Думу и единство страны. Медведев на съезде ЕР",Политика
Участник СВО сделал предложение руки и сердца девушке на съезде ЕР,Общество
AFP: авиакатастрофа во Франции стала крупнейшей в частной авиации страны,ЧП
"Axios: между ВС США и КСИР так и не запустили ""горячую линию""",Политика
Губернаторы возглавили шесть реггрупп единороссов в СФО на выборах в Госдуму,Политика
Названный в честь россиянина астероид Sergeyyazev находится далеко от Земли,Наука
"Медведев: второй этап съезда ""Единой России"" пройдет 22 августа",Политика
"""Единая Россия"" выдвинула кандидатов на выборы в Госдуму",Политика
"Медведев накануне съезда встретился с пятеркой ""Единой России""",Политика
В окрестностях Харькова произошел взрыв,ЧП
"Шесть глав субъектов СКФО возглавили региональные группы ""Единой России""",Политика
"Чибис и Дрозденко возглавили региональные группы ""Единой России"" на выборах в ГД",Политика
"Минниханов, Никитин и Здунов возглавят реггруппы на выборах в ГД в Поволжье",Политика
В Тульской области объявили угрозу атаки БПЛА,ЧП
В Вене во второй раз за день установлен новый температурный рекорд,Погода
Володин возглавит региональную группу на выборах в Госдуму по Саратовской области,Политика
В аэропорту Калуги ввели временные ограничения,Транспорт
В Польше установлен новый температурный рекорд,Погода
"Медведев предложил аплодисментами поддержать Якушева, зачитавшего более 600 имен",Политика
В БРИКС видят рост интереса к русской культуре,Культура
"ТАСС: вошедшие в списки ЕР губернаторы могут передать мандаты ГД, если победят",Политика
"Медведев на съезде ""Единой России"" поздравил Хасикова с днем рождения",Политика
The Observer: лейборист Милибэнд может вернуться на пост главы МИД Британии,Политика
"Слуцкий посоветовал Сикорскому ""не сотрясать воздух воинственной риторикой""",Политика
Сальдо назвал единственный способ обеспечить безопасность для Херсонской области,Политика
В Горловке после атаки дрона ВСУ пострадала женщина,ЧП
"В ФРГ зафиксировали экстремальную жару в 41,7 градуса",Погода
Республика Корея заявила протест КНР и РФ из-за воздушного патрулирования,Политика
"Ковальчук возглавит региональный список ""Единой России"" на выборах в Госдуму",Политика
Трамп ознакомился с ходом реставрационных работ в Вашингтоне,Политика
Аксенов и Развожаев возглавили региональную группу ЕР на выборах в Госдуму,Политика
Ирак заявил о готовности принять встречу Ирана и арабских стран Персидского залива,Политика
"Шуваев возглавит белгородский список кандидатов ГД от ""Единой России"" на выборах",Политика
"Поддубный: Запад прекрасно понимает, что победить Россию на поле боя невозможно",Политика
L'Est Républicain: три человека выпрыгнули из самолета при крушении во Франции,ЧП
Медведев: только исполненные обещания дают партии право вести за собой людей,Политика
"Хинштейн возглавит региональную группу ""Единой России"" на выборах Госдуму",Политика
В Омской области ввели режим неблагоприятных метеорологических условий,Погода
"Трутнев возглавил группу списка ""Единой России"" в регионах Дальнего Востока",Политика
Эксперт Бхадаурия назвал ЗРК С-400 основой ПВО Индии,Политика
Врио главы Дагестана возглавил региональную группу ЕР на выборах в Госдуму,Политика
"Стратегические цели, доверие избирателей и безопасность РФ. Путин на съезде единороссов",Политика
"Расселл стал победителем Гран-при Австрии ""Формулы-1""",Спорт
"""Роснефть"" увеличила отпуск бензина на АЗС Иркутской области до 2,7 тыс. тонн",Экономика
"Лидеры предвыборного списка ""Единой России"". Как менялась первая пятерка партии",Политика
В мероприятиях Дня молодежи приняли участие более 7 млн россиян,Общество
"Дзюдоист Сангариев рассказал, что советы товарища помогли победить в Китае",Спорт
"Медведев назвал лидеров списка ""Единой России"" на выборах",Политика
Медведев: России необходим технологический суверенитет,Политика
В Горловке при атаке ВСУ по автобусу пострадали три человека,ЧП
The Observer: Стармер заинтересовался постом генсека НАТО,Политика
"Медведев: ""Единая Россия"" умеет превращать запросы граждан в государственные решения",Политика
"Медведев: ""Единая Россия"" улучшила взаимодействие с институтами гражданского общества",Политика
Медведев: укрепление экономики должно стать ответом на беспрецедентное давление,Экономика
Пострадавшие от удара ВСУ по домам 31 мая в Геническе получат компенсации,Общество
"Сальдо: ВС РФ все чаще пресекают предпринимаемые ВСУ атаки БПЛА на трассе ""Новороссия""",Конфликты
Медведев предложил утвердить редакцию новой народной программы ЕР в августе,Политика
"Кравцов: в России за семь лет построили более 1,6 тыс. новых школ",Общество
Сальдо: дроны ВСУ мешают ремонтировать дороги и подстанции в Херсонской области,Конфликты
Медведев: каждой семье надо стараться обеспечить комфортные условия для жизни,Общество
"""Шанхай Шэньхуа"" Слуцкого впервые за два месяца выиграл матч в чемпионате Китая",Спорт
АКОРТ: в торговых сетях России сохраняется стабильный ассортимент гречки,Экономика
На большинстве заправок Краснодара есть топливо,Экономика
Медведев: без победы в СВО никакой безопасности России не будет,Политика
ЕР помогла улучшить качество жизни 30 млн человек благодаря устранению свалок,Общество
В Москве перекрывали движение на некоторых улицах,Транспорт
Возинья вошел в символическую сборную ЧМ-2026 по версии Opta,Спорт
Медведев назвал попытки Запада навязать чуждые ценности частью гибридной войны,Политика
Минобороны Казахстана предупредило о перемещении военной техники из-за учений,Политика
Медведев назвал достойную работу фундаментом для семьи,Общество
"Путин призвал кандидатов на выборах чаще выходить ""в поле"" и общаться с людьми",Политика
"Путин пожелал ""Единой России"" удачи на выборах",Политика
"Медведев: список ЕР на выборах должны возглавить люди, которых знает страна",Политика
В Британии семь человек утонули на фоне аномальной жары,ЧП
"Медведев: гуманитарная миссия ""Единой России"" работает с первых дней СВО",Политика
"Медведев призвал ""Единую Россию"" честно и открыто разговаривать с людьми",Политика
Медведев: благополучное будущее России начинается с семьи,Общество
"Медведев: ""Единая Россия"" выполнила взятые на себя обязательства перед избирателями",Политика
Путин: в мире множатся региональные конфликты,Политика
Победитель Гран-при по дзюдо в Китае Башаев не ставил себе задачи на медаль,Спорт
"Путин: Запад поощряет Киев, который выбрал в качестве тарана в борьбе с РФ",Политика
"Путин призвал ""Единую Россию"" сделать все для победы в СВО",Политика
"Лихачев: все, что Росатом предлагает за рубежом, уже серийно производится в РФ",Экономика
В Орловской области объявили ракетную опасность,ЧП
Медведев: с 2021 года предприниматели получили льготные кредиты почти на 5 трлн рублей,Экономика
"Медведев: ""Единая Россия"" идет на выборы сильной командой",Политика
Решение продлить нулевую пошлину на бензин в рамках ЕАЭС примут на следующей неделе,Экономика
"Медведев заявил, что будущее России определяют только ее граждане",Политика
"Медведев: добровольцы ""Единой России"" в кратчайшие сроки приходили на помощь",Политика
Путин отметил большое число молодежи среди кандидатов-единороссов на осенних выборах,Политика
Эксперт Бхадаурия: РФ и Индия 96% расчетов между собой осуществляют в нацвалютах,Экономика
В России решили снизить норматив продаж бензина на бирже до 10%,Экономика
Эксперт Минздрава Дроздова: вино не несет никакой пользы для сердца,Наука
"Дзюдоистка Старцева считает, что ""поймала свою волну"" на Гран-при в Циндао",Спорт
Семин оценил работу Каннаваро в сборной Узбекистана,Спорт
Лихачев: двойственную позицию МАГАТЭ по поводу ситуации на ЗАЭС нельзя принять,Политика
"Эксперт Язев: астероид, который пролетит над Россией в 2029 году, будет похож на звездочку",Наука
Путин заявил о добрых отношениях со всеми фракциями Госдумы,Политика
ТАСС: в Чернигове намерены ограничить реализацию топлива на АЗС по примеру Сум,Экономика
"Медведев: высшую партийную школу ""Единой России"" прошли 350 тыс. человек",Политика
В саммите БРИКС в Индии примут участие культурные организации из РФ,Культура
OE24: в Вене установили новый температурный рекорд,Погода
Путин назвал традиционные ценности мощной опорой для объединения общества России,Политика
"Медведев: участие бойцов СВО в выборах укрепляет позиции ""Единой России""",Политика
Медведев назвал сохранение и приумножение народа приоритетом новой программы ЕР,Политика
В ФРГ из-за лесного пожара эвакуировали более 650 человек,ЧП
На западе США при тушении лесного пожара погибли трое пожарных,ЧП
Медведев: единство России сильнее западной цивилизации,Политика
"ТАСС: мобилизационный потенциал Украины оценивают в 1,1-1,3 млн человек",Политика
Для защиты Белгородской области от ВСУ планируют создать восемь батальонов БАРС,Конфликты
"Медведев поставил ""Единой России"" цель безоговорочной победы на выборах",Политика
Путин назвал свободу человека и суверенитет России равнозначными понятиями,Политика
"Путин назвал высокой честью то, что ""Единая Россия"" заслужила статус партии-лидера",Политика
В Оренбуржье в ДТП погиб человек,ЧП
"Путин: Россию ""пробуют на зуб"" и пытаются от нее избавиться",Политика
Медведев призвал ЕР вести избирательную кампанию без высокомерия и паники,Политика
Эрдоган: виновные в геноциде в Газе обязательно понесут наказание,Политика
"Медведев: ""Единая Россия"" не позволит врагам стереть Россию с карты мира",Политика
Путин: Россия твердо стоит на ногах,Политика
Медведев: поддержка Западом нацистского режима в Киеве привела к распаду Украины,Политика
"Путин призвал ""Единую Россию"" наращивать темпы работы во всех сферах",Политика
"""Нас невозможно сломить"". Медведев ожидает попыток нарушить ход думской кампании",Политика
Лихачев: некоторые страны готовы сотрудничать с Росатомом после окончания СВО,Экономика
Путин: конкурентная борьба на выборах в Госдуму будет открытой и честной,Политика
Путин назвал бойцов СВО подлинной элитой России,Политика
"Путин: Россия может быть только сильной, иначе ее не будет",Политика
"Путин: Россия проходит трудный этап, но это многому учит",Политика
Путин: Киев отступает и поэтому перешел к террористическим действиям,Политика
Путин: у Запада не получается победить Россию на поле боя,Политика
Путин даст поручения по обеспечению безопасности выборов в сентябре,Политика
"Путин: человек не может быть свободен, если не свободны его народ и страна",Политика
Суперкомпьютер Opta назвал нового фаворита ЧМ-2026 перед стартом плей-офф,Спорт
СК организовал проверку по факту смерти матери и младенца в роддоме в Иркутске,ЧП
"Путин поддержал инициативу ""Единой России"" о признании особого статуса учителя",Политика
Патриарх Кирилл освятил отреставрированный Успенский собор Тульского кремля,Культура
Путин: выборы в Госдуму пройдут в строгом соответствии с законом,Политика
Путин: стратегические планы России будут реализованы,Политика
Глава института Forsa: Мерц совершает много ошибок на посту канцлера ФРГ,Политика
Путин: внутреннее единство не дает покоя недоброжелателям России,Политика
Путин заверил в выполнении всех социальных обязательств государства,Политика
Путин: экономику России выведут на новый технологический уровень,Экономика
"От первых списков до ""народной программы"". История предвыборных съездов ""Единой России""",Политика
"О большинстве, ответственности и развитии. Цитаты президентов на съездах ""Единой России""",Политика
Путин назвал беспрецедентным давление Запада на Россию,Политика
Путин: неприкосновенность рубежей России и ее безопасность будут обеспечены,Политика
"В ""Краснодаре"" объяснили, почему решили вернуть в команду футболиста Уткина",Спорт
На Камчатке в программу арендного жилья включат свыше 600 квартир,Общество
Путин назвал нынешнее время судьбоносным для страны,Политика
Лихачев: Россия донесет до всего мира факт террора ВСУ против персонала ЗАЭС,Политика
В ДНР при атаке дрона ВСУ пострадали два человека,ЧП
"ВОЗ сообщила о более чем 1,3 тыс. преждевременных смертей в Европе из-за жары",Погода
"Путин выступает на съезде ""Единой России""",Политика
Новак: власти 29 июня обсудят возможность полного запрета экспорта дизеля,Экономика
Вучич: Сербия не проводит учений с Россией,Политика
INA: в Ираке задержали более 40 госчиновников по обвинению в коррупции,ЧП
"Путин прибыл на съезд ""Единой России""",Политика
"Путин и Медведев выступили на съезде партии ""Единая Россия"". Видео",Политика
"Захарова: Зеленский снова предал память предков, решив установить памятник Мазепе",Политика
Лихачев: ограничения не позволяют МАГАТЭ говорить об источниках угрозы для ЗАЭС,Политика
"Мишустин участвует в предвыборном съезде ""Единой России""",Политика
"В Москве начал работу съезд ""Единой России""",Политика
"Матвиенко участвует в предвыборном съезде ""Единой России""",Политика
"Володин участвует в предвыборном съезде ""Единой России""",Политика
Во Франции назвали причину крушения легкомоторного самолета,ЧП
Вучич: Сербия использует опыт Ирана по созданию подземных укрытий для беспилотников,Политика
Депутат Рады Гончаренко: Украине пора перестать считать конституцию просто бумажкой,Политика
Патрушев заявил о готовности России к безвозмездным поставкам зерна в Африку,Политика
Никитин: льготными билетами на самолеты воспользовались 25 млн человек,Транспорт
Новак: Россия пока не вводила запрет на экспорт топлива по межправсоглашениям,Экономика
Новак назвал возможность импорта топлива одной из мер для стабильности рынка,Экономика
Новак: власти пока не приняли решения по полному запрету экспорта дизтоплива,Экономика
В Белгородской области ветеранов СВО будут привлекать к управленческой работе,Общество
Патрушев: в России практически завершена посевная компания,Экономика
Вучич: в ближайшее время в армии Сербии появятся подразделения по управлению БПЛА,Политика
Глава Поморья назвал приоритетные для народной программы ЕР направления,Политика
Il Tirreno: в Тоскане ограбили виллу семьи тенора Андреа Бочелли,ЧП
В Поморье решают вопрос с обеспечением топливом лесозаготовителей,Экономика
Во Франции при крушении самолета погибли 11 человек,ЧП
"В РФ предусмотрят средства на субсидии для ""раскатки"" российских самолетов",Экономика
"В Индии считают, что Путин станет ключевой фигурой на саммите БРИКС",Политика
Предложения по электросамокатам на тротуарах представят через несколько месяцев,Транспорт
"В Москве более 110 пар заключили брак на станции метро ""Маяковская""",Общество
"Эксперт Безгодова назвала 500 баллов на ЕГЭ феноменом, требующим анализа",Наука
Bild: жители ФРГ массово переходят на ночной образ жизни из-за жары,Погода
Handelsblatt: вывод войск США из ФРГ лишит немцев тысяч рабочих мест,Экономика
Спасавший женщину после взрыва газа в Татарстане полицейский отравился продуктами горения,ЧП
"Кравцов поздравил московскую школьницу, сдавшую ЕГЭ на 500 баллов",Общество
В Саудовской Аравии при крушении вертолета Saudi Aramco погибли 14 человек,ЧП
Россияне заняли второе место в медальном зачете на этапе Гран-при Китая по дзюдо,Спорт
WSJ: восстановление базы ВМС США в Бахрейне оценили в $400 млн,Политика
Сальмонеллез из гастронома. Массовое отравление в Астраханской области,ЧП
В Иркутской области ввели режим повышенной готовности из-за ситуации с топливом,ЧП
В России могут установить обязательную долю отечественных фильмов в кинопрокате,Культура
В Москве и Подмосковье ожидается жаркая погода,Погода
Участники протеста в Кишиневе потребовали отставки президента и правительства,Политика
"Капитан ""Динамо"" Фомин назвал Роналду и Месси уникумами",Спорт
"Гендиректор ""Ахмата"" Айдамиров оценил формат ЧМ-2026",Спорт
"ЦАХАЛ сообщил о гибели командира взвода бригады ""Голани"" на юге Ливана",Конфликты
Дзюдоист Башаев победил на этапе Гран-при в Китае,Спорт
"Антон Миранчук считает, что сборная России вышла бы из группы на ЧМ-2026",Спорт
Путин похвалил новый самолет Ил-114-300,Транспорт
В Астраханской области сальмонеллу подтвердили у 26 человек,ЧП
Дзюдоистка Старцева стала победительницей этапа Гран-при в Китае,Спорт
AFP: во Франции значительно выросла смертность из-за жары,Погода
В аэропорту Геленджика сняли временные ограничения,Транспорт
"Соколов предложил включить проект ""зарплат"" бабушкам по уходу за внуками в программу ЕР",Политика
"Путин уверен, что Ил-114-300 будет востребованным на Дальнем Востоке",Транспорт
Томенко назвал поддержку участников СВО задачей для всего общества,Общество
"АЭС ""Пакш"" в Венгрии снизила мощность из-за аномальной жары",Погода
Ici: во Франции разбился легкомоторный самолет,ЧП
В Свердловской области автобус наехал на пенсионерку на пешеходном переходе,ЧП
Последний танец Роналду и Месси подвис. Португальцы не выиграли группу ЧМ,Спорт
В Смоленске в мероприятиях ко Дню молодежи поучаствовали более 30 тыс. человек,Общество
Путин отметил полную независимость России по самолету МС-21,Транспорт
Собянин: в Дмитровском районе Москвы откроется детский сад на 150 мест,Общество
Глава ЗС Запорожья: коррумпированный Киев стал для Запада расходным материалом против РФ,Политика
"Сербия выделит €6,5 млн на завершение строительства храма Святого Саввы",Культура
Семья футболиста Трехо найдена мертвой после землетрясения в Венесуэле,ЧП
ТАСС: Госдума до конца сессии рассмотрит законопроект о поддержке развития ИИ,Политика
MWM: поставленные Украине самолеты F-16 не смогли заменить МиГ-29,Конфликты
"На Запорожье считают, что регион станет энергостолицей юга РФ после запуска ЗАЭС",Экономика
Папа Римский выразил соболезнования в связи с землетрясением в Венесуэле,Общество
На Ставрополье в ДТП погиб человек,ЧП
Бастрыкин потребовал доклад о расследовании массового отравления в Астрахани,ЧП
Депутат Красов: состав фракции ЕР изменится благодаря бойцам СВО,Политика
Шомуродов оценил свой гол в матче с командой ДР Конго на ЧМ,Спорт
В Харькове произошел взрыв,ЧП
"Атакованный ВСУ музейный комплекс ""Самбекские высоты"" закрыт 28 июня",Культура
На Солнце образовалась самая крупная за 2026 год группа пятен,Наука
Дзюдоист Сангариев выиграл этап Гран-при в Китае,Спорт
Иран возобновил регулярные рейсы между Рештом и Астраханью,Транспорт
Takvim: Монтелла останется на посту главного тренера сборной Турции по футболу,Спорт
В России с 1 июля сведения о границах сельхозугодий будут вносить в ЕГРН,Экономика
Собянин: в Москве на территории бывшей промзоны появится индустриальный парк,Экономика
В Москве на двух участках дорог временно закрывали движение,Транспорт
Правительство Израиля одобрило резолюцию о признании геноцида армян,Политика
В аэропорту Геленджика ввели временные ограничения,Транспорт
Зеленский анонсировал установку монумента Мазепе на месте памятника Ленину,Политика
Би-би-си: принц Гарри думает не привозить семью в Англию из-за отказа в охране,Общество
Путин добавил в речь перед выпускниками военных вузов часть о действиях Запада,Политика
В Запорожской области от атак ВСУ за сутки погиб человек,ЧП
Минобороны показало кадры освобождения Новоселовки в Запорожской области,Конфликты
Минобороны показало кадры освобождения Писанцев в Днепропетровской области,Конфликты
В Херсонской области за неделю уничтожили более 190 украинских беспилотников,Конфликты
Путин поздравил коллектив комитета по внешним связям Санкт-Петербурга с 35-летием,Политика
ТАСС: самолет США не смог улететь из Рамштайна из-за технических проблем,Транспорт
Чертова дюжина на траве. Российские теннисисты стартуют на Уимблдоне,Спорт
В аэропорту Калуги сняли ограничения,Транспорт
Вучич: в ВС Сербии восстановят службу по призыву с марта 2027 года,Политика
МИД Ирана призвал страны не вмешиваться в ситуацию в Ормузском проливе,Политика
Эксперт Головатюк: Молдавия не в состоянии обеспечивать бюджетные расходы,Экономика
Освобождение Писанцев существенно нарушило устойчивость обороны ВСУ,Конфликты
"""Купол Донбасса"" за неделю предотвратил 112 атак украинских дронов на ДНР",Конфликты
В Белгородской области при атаке дрона ВСУ пострадала женщина,ЧП
"Футболист Бонгонда назвал ""Спартак"" лучшим клубом России",Спорт
Мирра Андреева сохранила пятое место в рейтинге WTA,Спорт
В России разработают ГОСТ на проектирование городов с учетом изменения климата,Наука
В Скадовске при ударе ВСУ по автопарку сгорели порядка 40 автобусов,ЧП
В Кишиневе начался протест против экономической политики Санду,Политика
Роналду против Модрича и хозяева-фавориты. Главные интриги 1/16 финала ЧМ,Спорт
Силы ПВО РФ за сутки сбили 590 украинских БПЛА,Конфликты
ВС РФ освободили Писанцы и Новоселовку,Конфликты
ВСУ в районе Красного Лимана за сутки потеряли 30 военнослужащих,Конфликты
ВС РФ за сутки освободили 26 зданий в Константиновке,Конфликты
СК показал кадры задержания подозреваемого в убийстве девочки в Кузбассе,ЧП
ВСУ за сутки потеряли около 1 460 военных на всех участках СВО,Конфликты
Гений и рекордсмен. Как Месси за три игры переписал историю ЧМ,Спорт
В Смоленске прошло празднование Дня молодежи,Общество
FT: глава испанского газового хаба призвал ЕС отложить запрет на СПГ из России,Экономика
ВС РФ в районе Красного Лимана продолжают продвижение на запад,Конфликты
Шомуродов назвал причины поражения сборной Узбекистана от команды ДР Конго,Спорт
ВС РФ уничтожили два МиГ-29 Воздушных сил Украины,Конфликты
В Набережных Челнах госпитализировали пострадавшую от взрыва газа,ЧП
ТАСС: покупатели гастронома в Астрахани могли отравиться продукцией из курятины,ЧП
"ВС РФ ударили по лагерю оперативного центра спецопераций ""Юг"" ВСУ",Конфликты
В Краснодарском краю объявляли ракетную опасность,ЧП
"В МВД рассказали, на чем строится большинство схем мошенников",Общество
В Ростовской области объявляли ракетную опасность,ЧП
В Херсонской области при атаке дронов ВСУ уничтожили 14 школьных автобусов,ЧП
В Орловской области объявляли ракетную опасность,ЧП
FT: США ищут быстрый и дешевый способ производства ракет после операции в Иране,Политика
The Times: Британия сделает ставку на беспилотники вместо фрегатов и эсминцев,Политика
В Московском зоопарке родились детеныши овец уэссан и дагестанских туров,Общество
"На съезде ""Единой России"" показали плакат ""Быть за Путина - базовый минимум""",Политика
В Екатеринбурге в ДТП пострадали двое детей,ЧП
В Лейпциге из-за аномальной жары приостановили движение трамваев,Погода
В Севастополе флот проведет противодиверсионные тренировки,Конфликты
В Германии зафиксировали самую теплую ночь за всю историю наблюдений,Погода
Тарпищев похвалил Андрееву за работу с психологом,Спорт
Пропавшую в Кузбассе девочку нашли мертвой с признаками насильственной смерти,ЧП
В Тоскане пройдут два музыкальных фестиваля с участием российских исполнителей,Культура
В Набережных Челнах в многоэтажном доме произошел взрыв газа,ЧП
В Одесской области неизвестный поджег пять машин на спецплощадке отдела полиции,ЧП
ТАСС: самолет-разведчик США вновь заметили над Черным морем,Конфликты
Солист Uma2rman: время определит ценность созданных с помощью ИИ песен,Культура
ТАСС: в Астрахани число госпитализированных с отравлением выросло до 23,ЧП
"Петербург принял на празднике ""Алые паруса"" выпускников из 36 регионов России",Культура
Медведев: Запад воспринимает Армению как инструмент борьбы против России,Политика
"Медведев: расправы с оппонентами стали ""визитной карточкой"" властей Армении",Политика
Медведев: политические амбиции оказались для Еревана выше национальных интересов,Политика
Медведев предупредил Армению о последствиях разрыва связей с РФ,Политика
Бастрыкин поручил доложить ему о ходе расследования убийства девочки в Кемерове,ЧП
Медведев: Россия будет судить о намерениях властей Армении по их поступкам,Политика
Медведев назвал беспрецедентным вмешательство Запада в выборы в Армении,Политика
Медведев: отличительной чертой выборов в Армении стали нападки на оппозицию,Политика
Медведев: Армении будет сложно избавиться от диктата Запада,Политика
Предполагаемый убийца девочки в Кузбассе был судим,ЧП
Медведев назвал преследование Царукяна властями Армении новым витком репрессий,Политика
"Politico: Израиль утратил статус ""особого союзника"" США",Политика
"Чесноков считает, что Андреева может проиграть любой сопернице на Уимблдоне",Спорт
Дагестану и Чечне выделили компенсации за помощь пострадавшим от наводнения,Общество
Астроном Язев: летящий к Земле астероид Апофис может врезаться в спутник,Наука
Подозреваемый пытался сжечь тело убитой им девочки в Кузбассе,ЧП
Брынцалов: вызовы времени открыли новые возможности для развития Подмосковья,Политика
UK Defence Journal: у Великобритании нет боеспособных ударных подлодок,Политика
"Тюкавин считает, что Роналду пока что не лучшим образом играет на ЧМ",Спорт
В Запорожье произошли взрывы,ЧП
Лукашенко направился с визитом в регион Восточной и Юго-Восточной Азии,Политика
АзерТАдж: из России в Армению через Азербайджан отправили 770 тонн пшеницы,Экономика
ТАСС:  причастного к попытке теракта в Крыму полковника ГУР Украины ликвидировали,Конфликты
В Бахрейне заявили о повреждении жилого дома из-за атаки Ирана,ЧП
Мэр Энергодара опроверг распространяемые ВСУ данные о якобы эвакуации города,Политика
Каллас: ЕС выделил €5 млн для поддержки Венесуэлы после землетрясения,Политика
"Эксперт Шилина: мошенники месяцами ""обрабатывают"" ребенка перед обманом",Общество
Кабмин профинансирует создание и модернизацию футбольных полей в регионах,Экономика
В Кувейте сообщили о перехвате двух баллистических ракет,Конфликты
"Тюкавин отметил, что в отпуске Овечкин хорошо играл в волейбол",Спорт
"Эксперт Скальный рассказал, почему вредно чрезмерное потребление фруктов и ягод",Наука
"Тюкавин подтвердил, что ""Спартак"" проявлял к нему интерес",Спорт
"Как ковалась ""Победа"". История автомобиля, который ""благословил"" Сталин",Культура
В аэропортах Краснодара и Волгограда задерживаются 18 рейсов,Транспорт
ВС РФ уничтожили транспорт и пункты управления БПЛА в районе Константиновки,Конфликты
Батутисты на этапе КМ в Швейцарии впервые с 2022 года выступили с флагом РФ,Спорт
Солист Uma2rman назвал самую популярную песню в репертуаре группы,Культура
"В Приморье рассказали, почему к поискам вертолета не привлекают воздушные суда",ЧП
В Адыгее отменили беспилотную опасность,ЧП
Uma2rman: мечта сбылась — наши песни полюбили миллионы,Культура
Собянин: школьница из Москвы первой в истории набрала 500 баллов на ЕГЭ,Общество
Обуза для команды или лидер? О Роналду на групповом этапе ЧМ,Спорт
В исторической части Смоленска в День молодежи начали работу почти 70 площадок,Общество
В Якутске открылся главный национальный праздник лета Ысыах Туймаады,Культура
В аэропорту Сочи задерживаются более 100 рейсов,Транспорт
Эксперт Юшин: в Подмосковье можно найти следы древних морских организмов,Наука
Еще пять российских всадников получили нейтральный статус,Спорт
Швейцария вошла в топ-3 по объемам торговли с Таджикистаном вместе с КНР и РФ,Экономика
"Опрошенные россиянки рассказали, сколько готовы потратить на красоту летом",Общество
В Курской области за сутки сбили 117 беспилотников ВСУ,Конфликты
"Брынцалов рассказал, что стало причиной запрета продажи топлива детям в Подмосковье",Политика
Месси снова забил и помог аргентинцам завершить групповой ЧМ этап с 9 очками,Спорт
"В МВД предупредили об уловке мошенников со следами ""наркотиков"" на купюрах",Общество
Российские пятиборцы прибыли на ЧЕ на сутки позже из-за испанских чиновников,Спорт
В Тульской области отменили опасность атаки БПЛА,ЧП
"""Купол Донбасса"" уничтожил восемь дронов ВСУ над ДНР за сутки",Конфликты
"Жительница Константиновки рассказала, как ВСУ бросали мины в подвал с гражданскими",Конфликты
Госсовет: регионы активно внедряют принципы семейноцентричности,Политика
Каннаваро сожалеет о вылете сборной Узбекистана с чемпионата мира,Спорт
В Челябинской области в ДТП пострадали шесть человек,ЧП
"Наемник из Бразилии рассказал, как Киев обманом заманил его на передовую",Политика
Рекорды Месси и Кейна и выход сборной ДР Конго. Завершился групповой этап ЧМ,Спорт
В Белгородской области при атаках ВСУ за сутки погиб человек,ЧП
"Первичный рынок апарт-отелей Крыма и Кубани вырос в 2,5 раза с 2022 года",Экономика
"В Югре площадь лесных пожаров превысила 3,6 тыс. га",ЧП
Месси стал лучшим бомбардиром группового этапа чемпионата мира - 2026,Спорт
В Ивановской области упали обломки сбитых БПЛА,ЧП
В Нижегородской области отменили беспилотную опасность,ЧП
"Роналду снова без голов. Португальцы не забили, но вышли в плей-офф ЧМ",Спорт
Солист Uma2rman отметил рост интереса молодежи к песням группы,Культура
В аэропортах Иванова и Ярославля сняли ограничения,Транспорт
"Диетолог Лебедева назвала лапшу быстрого приготовления ""пищевым мусором""",Наука
"В РАНХиГС рассказали, что влияет на результаты обучения школьников",Наука
В Ярославской области отменили беспилотную опасность,ЧП
В Иране назвали атаки США нарушением договоренностей об урегулировании,Политика
Около трети опрошенных россиян при появлении ребенка выбирают спокойные маршруты,Общество
В Ивановской области отменили опасность атаки БПЛА,ЧП
"Для вооружения ВС РФ рекомендовали сеткомет ""Паук-30БН"" против FPV-дронов",Конфликты
"Обладатель Кубка Стэнли ""Каролина"" не выбрала на драфте ни одного россиянина",Спорт
В Воронежской области отменили опасность атаки БПЛА,ЧП
МВД не располагает фактами преступлений мошенников с проверочным кодом Captcha,Общество
В автошколах России могут ввести программы праворульного вождения,Транспорт
Капитану сборной Египта Салаху диагностировали травму бедра,Спорт
В Московском регионе прогнозируют соответствующими норме осадки за июнь,Погода
В Тамбовской области отменили опасность атаки БПЛА,ЧП
Командир Двина: ВС РФ поразили пять РЛС ВСУ в тылу на харьковском направлении,Конфликты
Иорданского футболиста унесли на носилках с поля в матче ЧМ с аргентинцами,Спорт
Над регионами России за ночь сбили 213 украинских БПЛА,Конфликты
На выезде из Ярославля в сторону Москвы открыли движение,Транспорт
"В Tecno и ""Купибилет"" рассказали, что россияне чаще всего покупают в путешествия",Общество
Сеул и Токио заявили о приверженности денуклеаризации Корейского полуострова,Политика
Эксперт Коложвари: интерес к ОФЗ растет на фоне макроэкономической ситуации,Экономика
Определились все пары 1/16 финала чемпионата мира по футболу,Спорт
В СФ рассказали об оформлении мошенниками sim-карт на подставных лиц,Общество
В Тунисе заявили о желании увеличить поток туристов из России,Экономика
"ИИ могут использовать в документальном фильме ""Близкий Дальний""",Культура
Главный нарколог Москвы предупредил об опасности употребления алкоголя на жаре,Наука
Гол Месси помог сборной Аргентины обыграть команду Иордании в матче ЧМ,Спорт
В Ростовской области сбили 20 БПЛА,Конфликты
Сборные Австрии и Алжира стали последними участниками плей-офф чемпионата мира,Спорт
"Эксперт Исайкин рассказал, почему животным нельзя гулять на даче одним",Общество
Командир Карта: ВС РФ уничтожили более 30 машин для ротации ВСУ под Харьковом,Конфликты
"Артиллерия группировки ""Север"" уничтожила 10 пунктов БПЛА и 57 солдат ВСУ",Конфликты
Новосибирская и Липецкая области стали лидерами по отравлениям спайсами,Общество
"Месси установил рекорд чемпионатов мира, забив в седьмом матче подряд",Спорт
"Месси забил 19-й гол на чемпионатах мира, обновив бомбардирский рекорд турнира",Спорт
В Бахрейне вновь включили сирены,ЧП
ТАСС: боевые группы погранотряда с запада Украины перебрасывают под Чернигов,Конфликты
"Дроны ""Севера"" уничтожили два пикапа ВСУ и боевую бронемашину в Сумской области",Конфликты
Боец Злой: минометчики обеспечивают продвижение штурмовиков в Константиновке,Конфликты
ТАСС: испаноязычные наемники дезертировали под Великим Бурлуком на Харьковщине,Конфликты
ТАСС: удары FPV-дронов РФ привели к массовым потерям в ВСУ в Вольной Слободе,Конфликты
В аэропорту Краснодара сняли ограничения,Транспорт
На выезде из Ярославля в сторону Москвы перекрыли движение из-за атак ВСУ,Транспорт
"Врач-кардиолог Козик назвала аттракционы, способные вызвать остановку сердца",Наука
"В ГД рассказали, как мошенники обманывают сверкой данных по пенсионным счетам",Общество
Месси вышел на второе место по числу матчей на уровне сборных,Спорт
В Краснодарском крае из-за падения обломков БПЛА погиб человек,ЧП
В Ярославской области объявили беспилотную опасность,ЧП
В аэропорту Ярославля ввели ограничения,Транспорт
Торгпред Хакимов: регионы РФ могут увеличить число бизнес-миссий в Азербайджан,Экономика
"Командир Пепел: ""Солнцепек"" уничтожил несколько укреплений ВСУ под Сумами",Конфликты
Эксперт Рыбаков: Запад намеренно преуменьшает роль СССР во Второй мировой войне,Политика
"БПЛА группировки ""Север"" уничтожили 5 пунктов БПЛА и более 30 солдат ВСУ за ночь",Конфликты
Эксперт Рыбаков: за конфликтом на Украине и Гражданской войной стоят схожие интересы,Политика
В Москве прогнозируют переменную облачность и до 25 градусов тепла,Погода
Эксперт Рыбаков: antiроссийская пропаганда ведется с времен Ивана Грозного,Политика
ВС РФ уничтожили более 70 беспилотников ВСУ под Харьковом и Сумами за ночь,Конфликты
«Когда видишь их, осознаешь величие природы»Лето — время наблюдения за китами. Где в России можно встретить этих морских гигантов?,Общество
Генсек, генерал и новые русские.Они рвались к власти в 1990-е. Кто пытался обойти Ельцина на выборах президента?,Политика
«Я пожму руку и дьяволу»Утонувшие в Великой депрессии американцы помогли Сталину создать советскую промышленность. Как это было?,Культура
Лидер культа мужской красоты бил себя по лицу молотком и увеличивал пенис грузами.Но ему все равно отказывают женщины,Общество
Франция и Норвегия вышли в плей-офф чемпионата мира,Спорт
27 июня: какой праздник отмечают в России и мире,Культура
«Никаких шансов на успех». ВСУ готовят новые подразделения и говорят о расширении фронта. Стоит ли ждать нового наступления?,Конфликты
Открытки с Днем молодежи в 2026 году:90+ картинок и поздравлений,Общество
"День молодежи в 2026 году: история и традиции, как отмечают праздник",Культура
«Алые паруса» в 2026 году: программа мероприятий и ограничения в Санкт-Петербурге,Культура
Стало известно о появлении у российских военных нового ударного дрона,Конфликты
В Иране отреагировали на удары США,Политика
Путин обратился к школьникам,Политика
Трамп представил дизайн паспорта США со своим портретом,Политика
Жившую среди гор мусора трехлетнюю девочку заели вши,ЧП
В Крыму завершили вывоз детей из «Артека»,Общество
В Британии задались вопросом об Украине,Политика
Вице-президент США пообещал отвечать Ирану «насилием на насилие»,Политика
В МИД России оценили сроки отмены западных санкций,Политика
Дмитриев посчитал убытки простых европейцев из-за действий ЕС,Экономика
Скандалу между Украиной и Польшей нашли объяснение,Политика
Россиянам назвали причины ослабления рубля,Экономика
У любимого лакомства появится новый ГОСТ,Общество
Евродепутат раскрыл отношение коллег к России,Политика
Нетаньяху сделал новое заявление после заключения соглашение Израиля и Ливана,Политика
Экс-премьера Польши разозлила выходка мэра Львова,Политика
Российская армия устроила ВСУ проблемы с топливом,Конфликты
Раскрыты подробности содержания девочки в «домашнем концлагере»,ЧП
Советник экс-президента Украины возмутился улыбкой жены Зеленского,Политика
Россиян предупредили о новой схеме мошенничества,Общество
Афера на драйве.В Москве автомошенники с безногим каскадером украли 200 миллионов рублей. Как одна ошибка привела их в тюрьму?,ЧП
«О ней попросту забудут»Чем завершатся переговоры о вступлении Украины в ЕС и почему европейцы хотят возобновить диалог с Россией?,Политика
«Хотела бросить детей в отеле и сбежать». Отпуск с ребенком — это испытание для родителей. Как пережить его и не сойти с ума?,Общество
«Не звони чертовым копам»Вышел второй сезон «Шугара» с Колином Фарреллом. Почему этот сериал все еще неотразим?,Культура
26 июня: какой праздник отмечают в России и мире,Культура
Захарова выступила с обвинением в адрес Киева,Политика
Захарова назвала главное препятствие на пути к миру на Украине,Политика
Россиян предупредили о мошеннической схеме с талонами на бензин,Общество
Открытки на выпускной из старших классов:80+ картинок и поздравлений,Общество
США впервые испытали украинские морские дроны в Тихом океане,Конфликты
На Украине превратили гаубицу «Богдана» в ершик,Политика
Учительницу поймали во время секса с подростком в красной машине,ЧП
Командование ВСУ отказывалось эвакуировать раненых с позиций,Конфликты
Рютте решил убедить Трампа в полезности НАТО,Политика
Бастрыкин взял на контроль дело о гибели пациентки в больнице Крыма,ЧП
Для российских дронов создали новые легкие боеприпасы,Конфликты
США прекратят предоставлять политическое убежище,Политика
Раскрыт правильный порядок вытирания частей тела после душа,Общество
В Госдуме рассказали о датах ответного визита конгрессменов США,Политика
В МИД России высказались о присутствии НАТО в разных регионах мира,Политика
Херсонская область оказалась обесточена,ЧП
Вэнс рассказал о попытках убедить Трампа изменить цели операции в Иране,Политика
Певица Лиса в нижнем белье попала на обложку Vanity Fair,Культура
«Больше не являются нейтральным посредником». Макрон заявил об изменении роли США в урегулировании на Украине,Политика
Германия и Кот-д'Ивуар вышли в плей-офф чемпионата мира,Спорт
Три московских аэропорта частично прекратили работу,Транспорт
Число регионов со средней пенсией свыше 30 тысяч удвоилось,Общество
Журналистка рассказала о пытках новобранцев в полку ВСУ «Скала»,Конфликты
Швейцария и Канада вышли в плей-офф чемпионата мира по футболу,Спорт
«Спасая Бориса», или Специальная предвыборная операция ЦРУ.Как США помогли Ельцину не пустить коммунистов к власти в России?,Культура
«Чувствовал себя непобедимым»Вратари команд-андердогов становятся главными героями ЧМ-2026. Чем они покоряют болельщиков?,Спорт
В кино — «День разоблачения» Стивена Спилберга.Почему возвращение великого режиссера — это лучший блокбастер года?,Культура
«Это зашло слишком далеко»Угрозы, наркотики и изнасилования: правда о популярном шоу поставила на уши целую страну,Культура
25 июня: какой праздник отмечают в России и мире,Культура
Стало известно об угрожающем одной стране выходе из ЕС при присоединении к нему Украины,Политика
Ученые предупредили об опасности частого приема антибиотиков,Наука
Учителя занялись сексом в школе и попали на видео,ЧП
«Трамп восхитился одним решением России, Китая и Турции»,Политика
Назван неочевидный признак проблем со сном,Наука
Власти одной страны захотели продать 100 тысяч тонн российской нефти для помощи Киеву,Политика
В сети восхитились уволенной из-за возраста российской актрисой в бикини,Культура
США протестировали новый летательный аппарат для ядерных испытаний,Конфликты
Россиянам назвали способы экономии топлива,Общество
Прототип европейского скафандра испытали,Наука
Трамп заявил о непричастности США к ракетному удару по начальной школе в Иране,Политика
29-летняя учительница изнасиловала школьника,ЧП
Лавров захотел выхода России из ОБСЕ,Политика
В России раскрыли план Европы по украинскому конфликту,Политика
Жилые многоэтажные дома разрушились от мощного землетрясения,ЧП
Стратегическая ошибка при использовании микроволновки привела к неожиданным последствиям,Общество
У румынско-украинской границы заметили самолет радиолокационного обнаружения НАТО,Конфликты
Имена сотрудников ТЦК начали вносить в список для молитвы за упокой,Политика
Россия и Индонезия захотели вместе развивать переработку минералов,Экономика
Трамп выразил недовольство Европой,Политика
Названы явные признаки плохого секса,Общество
Бразилия разгромила Шотландию в матче ЧМ-2026,Спорт
Трамп заявил об отсутствии у Ирана планов по введению сборов в Ормузском проливе,Политика
Тиктокерам объявили войну из-за видео про исчезнувшие пенисы,Общество
Трамп поглумился над трансгендерами в женском спорте,Политика
«Схема Долиной у нас не работает»Россияне стали чаще покупать жилье в Белоруссии. Чем их привлекает недвижимость соседней страны?,Экономика
«К нам относились как к мясу»В России под арестом находятся тысячи бойцов ВСУ. Как они попали в плен и что говорят о своей службе?,Конфликты
ЧМ-2026 стал скандально дорогим. Пока фанаты жалуются на цены, богачам продают туры за миллионы — с черной икрой и яхтами,Спорт
США отказали Европе в необычной просьбе против России,Политика
24 июня: какой праздник отмечают в России и мире,Культура
Россиянин дискредитировал ВС РФ надписями на купюрах,ЧП
Сенат США принял резолюцию о завершении войны с Ираном,Политика
В Германии приостановили движение поездов,Транспорт
Военблогер необычно объяснил отсутствие ударов по Банковой,Политика
Назван повышающий риск рака поджелудочной железы продукт,Наука
Девушка переспала с собственным отцом и родила ему одновременно сына и внука,Общество
Россия увеличила экспорт нефти до рекордного уровня с начала года,Экономика
Раскрыты последствия для Запада в случае столкновения с Россией,Политика
Сборные Англии и Ганы сыграли вничью в матче ЧМ-2026,Спорт
Врач предупредил о провоцирующей бессонницу летом вечерней привычке,Наука
Внешность дочери Сильвестра Сталлоне в бикини восхитила фанатов,Общество
Министр армии США предложил воспользоваться Украиной и дать для этого военную базу,Политика
На Западе назвали «главного управляющего» конфликтом на Украине,Политика
Россиянки рассказали о видении идеальной семьи,Общество
Экс-депутат Европарламента сделал печальный вывод о подготовке Латвии к войне,Политика
Нарколог объяснил феномен долголетия алкоголиков,Наука
Объявлен суровый приговор 26-летней учительнице за изнасилование 15-летнего школьника,ЧП
В США удивились «беспрецедентному событию» ВКС России,Конфликты
В МИД отреагировали на поставки обогащенного урана на Украину,Политика
Женщина испугалась лобковых вшей и столкнулась с еще большими неприятностями,Общество
В Европарламенте заговорили о мрачной реальности из-за санкций против России,Политика
Ким Чен Ын заявил об оснащении флота КНДР ядерным оружием,Политика
«Цели еще не достигнуты»Почему Израиль не готов прекратить войну даже после сделки Ирана с США и что будет с Ближним Востоком?,Политика
Начал выходить новый сезон «Дома дракона».Чем обещает удивить набирающий ход приквел «Игры престолов»?,Культура
«Жизнь Лени измеряется миллилитрами питательного раствора»Пятимесячного малыша спасет внутривенное питание. Ему нужна ваша помощь,Общество
В постпредстве России при ООН объяснили незаконное удержание Зеленским власти,Политика
23 июня: какой праздник отмечают в России и мире,Культура
Мирошник объяснил героизацию Зеленским УПА вопреки давлению Польши,Политика
«Русские в некотором смысле и не белые вовсе»Пара из Сибири переехала в Африку помогать детям. Их встретили колдуны и дикие звери,Общество
В России оценили роль Евросоюза в конфликте на Украине,Политика
Раскрыты подробности о смерти российского туриста в Анталье,ЧП
Народный артист РСФСР Михаил Ножкин умер в возрасте 89 лет,Культура
Найдено природное средство для снижения воспаления кишечника,Наука
Обвиненный в попытке изнасилования мужчина оправдал себя микропенисом,ЧП
В России дали совет Зеленскому и его спонсорам,Политика
Трамп отреагировал на уход Стармера,Политика
В Британии сравнили санкции против России с бумерангом,Политика
Названы приводящие к бессоннице ошибки,Наука
Беременную третьим ребенком Энн Хэтэуэй сняли в бикини на пляже,Общество
У владельца АЗС «Нефтьмагистраль» с бензином за 110 рублей нашли миллиарды,Экономика
Российские силы усилили давление на ВСУ у Красного Лимана,Конфликты
Вице-спикер сената Польши вернул две украинские награды,Политика
В Молдавии исключили вступление в ЕС до 2030 года,Политика
В России заявили о грядущей трансформации высшего образования,Общество
В Испании призвали отменить санкции Евросоюза против России,Политика
Названа причина замалчивания Евросоюзом нацизма на Украине,Политика
Аналитик оценил возможности США принудить Европу и Украину к миру с Россией,Политика
Китай увеличит орбитальную станцию Tiangong в два раза,Наука
Переспавшая с тысячей мужчин порномодель рассказала о планах после рождения ребенка,Общество
В России назвали действенный способ пресечения атак украинских дронов,Конфликты
В России выросла средняя пенсия,Общество
«22 июня, ровно в четыре часа...»Как Третий рейх напал на СССР: редкие кадры первых дней Великой Отечественной войны,Культура
«Горжусь этим решением»На ЧМ-2026 играют семь пар родных братьев. Почему большинство из них выступает за разные сборные?,Спорт
«Германец повторно полез!»85 лет с начала Великой Отечественной войны. Как новость о нападении на СССР шла по стране?,Культура
25 лет назад вышел «Форсаж».Как он превратился в одну из самых популярных кинофраншиз современности?,Культура
22 июня: какой праздник отмечают в России и мире,Культура
Бельгия в меньшинстве сыграла вничью с Ираном на ЧМ-2026,Спорт
Назван помогающий замедлить возрастную потерю мышц овощ,Наука
25-летняя учительница занялась сексом с шестью школьниками,ЧП
Умер исторический командир Кубинской революции Рамиро Вальдес,Политика
Предупреждение Лаврова о ядерной войне вызвало тревогу на Западе,Политика
54-летняя актриса раскрыла секреты фигуры на фото в купальнике,Общество
Мужчины стали чаще просить женщин о крайне болезненной секс-практике,Общество
Готовность Европы завершить конфликт на Украине оценили,Политика
Кофе оказался опасен в жаркую погоду,Наука
Трамп раскритиковал премьера Мелони из-за Ирана,Политика
Страна Европы предупредила о негативных последствиях новых санкций против России,Политика
Волошин назвал причину участившихся атак ВСУ на Москву,Политика
В Словакии раскрыли финансовые потери при отказе ЕС от российского газа,Экономика
В Турции ответили на вопрос о новых переговорах России и Украины на территории страны,Политика
В МИД России назвали главную задачу нового генсека ООН,Политика
В США рассказали о советском «Граните» для уничтожения авианосцев,Конфликты
«Богиня огня» попыталась сжечь спящих приятелей,ЧП
Супермодель ИИ взломала почти все секретные системы Агентства нацбезопасности США,Наука
Женщина сделала тест на беременность и моментально выгнала своего парня из дома,Общество
Военкор заявил о желании Зеленского взять Крым в заложники,Политика
Названы самая серьезная статья расходов США в войне против Ирана,Политика
Названы регионы со средней пенсией неработающих россиян выше 30 тысяч рублей,Общество
Сексолог оценила эффект от увеличения точки G с помощью инъекций,Общество
«Падения в "Яму" избежать было нельзя»Жизнь самой известной пивной Советского Союза: здесь пили все,Культура
«Тело движется, но внутри ничего нет. Я умерла давным-давно». Как живут люди с синдромом ходячего трупа и можно ли им помочь?,Наука
Пакистанцы изнасиловали туристку на глазах у ее детей. Глава полиции заявил, что жертва сама виновата, и страну охватили протесты,ЧП
«Владимирский централ, Саша Северный»Михаил Круг посвятил ему главную песню. Почему бывший вор в законе сохранил уважение на воле?,Культура
21 июня: какой праздник отмечают в России и мире,Культура
Бензовоз увернулся от дрона ВСУ на российской трассе,ЧП
Открытки с Днем медика в 2026 году:90+ картинок и поздравлений,Общество
День медицинского работника в России в 2026 году: история и традиции праздника,Культура
Критикуемый европейский лидер приготовился к уходу в отставку,Политика
Открытки с днем летнего солнцестояния:70+ картинок и поздравлений,Общество
На Западе предрекли неизбежность раскола внутри ЕС,Политика
Преступник с мачете высказался о своем нападении на торговый центр в Краснодаре,ЧП
Миллионы бразильцев проснулись от жуткого сообщения,Общество
Вэнс раскрыл тему предстоящих переговоров США и Ирана,Политика
В Европе нашли замену США,Политика
В Белоруссии отреагировали на новые угрозы Зеленского,Политика
Одна европейская страна была замечена в схемах поставок оружия ВСУ,Политика
Германия вырвала победу у Кот-д’Ивуара в матче чемпионата мира,Спорт
Политолог увидел выигрыш России от сделки США и Ирана,Политика
Херсонская область осталась без света,ЧП
Украинский БПЛА атаковал многоквартирный дом в российском регионе,ЧП
ФСБ опубликовала документы о зверстях немецких нацистов в Старобельске,Культура
В споре Польши и Украины увидели плюс для России,Политика
Раскрыт средний размер пенсии неработающих россиян,Общество
Премьер Венгрии выдвинул условие для принятия Украины в ЕС,Политика
В Берлине прошла демонстрация за мир с Россией,Политика
Смертельное ДТП произошло в США из-за автопилота в Tesla,ЧП
В России показывают новое «Очень страшное кино».Каким получилось возвращение самой пошлой и самой популярной комедии 2000-х?,Культура
«Не расхищение, а черный нал»Как противостояние между соратниками Ельцина вылилось в легендарное дело о коробке из-под ксерокса?,Культура
«Самая скандальная девушка страны»Россияне вновь обсуждают Диану Шурыгину. Звезда «Пусть говорят» попала под арест из-за порно,Общество
«Слабое место ИИ — это пользователь»По всему миру компании начали запрещать сотрудникам нейросети. Что их к этому подтолкнуло?,Наука
20 июня: какой праздник отмечают в России и мире,Культура
Трамп потребовал от Европы миллиарды долларов,Политика
Медведев высказался о лишении Зеленского Ордена Белого орла,Политика
В Белоруссии назвали цель атаки ВСУ на автобус с детьми,Политика
Раскрыта причина уничтожения Украиной собственных дронов еще до взлета,Конфликты
Стало известно о планах Рубио посетить Ближний Восток,Политика
Участие Европы в урегулировании на Украине назвали неизбежным,Политика
Сборная США победила Австралию в матче чемпионата мира,Спорт
Раскрыто состояние госпитализированного Спивакова,Культура
В России оценили угрозы Зеленского в адрес Лукашенко,Политика
Трамп допустил похищение президента Кубы,Политика
Режиссер сериала «Друзья» умер в возрасте 85 лет,Культура
Названа причина отмены переговоров США и Ирана,Политика
В Польше раскрыли способ оставить у Зеленского отобранный орден,Политика
Стала известна деталь об участниках подрыва «Северных потоков»,Политика
Стало известно о возможной отставке Стармера в ближайшие дни,Политика
Онищенко рассказал о целях американских лабораторий на Украине,Политика
Успехи Российской армии назвали унижением для Украины,Политика
В России пообещали сократить периоды отключения горячей воды,Общество
Макрон рассказал о настрое Трампа «сдать» Украину в Анкоридже из-за веры в крах Киева,Политика
На Украине допустили вторжение Зеленского в Белоруссию,Политика
Молдавию обвинили в незаконном удержании россиянина в аэропорту Кишинева,Политика
Решение Мадьяра по Украине назвали ударом для Киева,Политика
В ЕС поразились словам Каллас о России,Политика
Стали известны представители США на переговорах с Ираном в Швейцарии,Политика
«Это срез русской глубинки»Магия и волшебство вятской земли в работах Наташи Лозинской. Чем они поражают?,Культура
«Это было жутко и неприятно». Вьетнам — одно из главных мест отдыха россиян. Чем он может разочаровать?,Общество
Раскрыта личность организатора атаки БПЛА на Белый дом,ЧП
«Эта помощь граничит с преступлением»Россиянам в сети предлагают услуги крышевания. Как устроен бизнес силового решения вопросов?,Общество
19 июня: какой праздник отмечают в России и мире,Культура
Лавров высказался о серьезной угрозе ядерных ударов между Россией и НАТО,Политика
Лавров назвал реальную цель Европы в переговорах по Украине,Политика
Лавров оценил опыт России в переговорах с Европой,Политика
Лавров назвал необходимые требования для переговоров России и Европы,Политика
Лавров оценил вклад Европы в разжигание украинского кризиса,Политика
Уничтожение украинской электроподстанции «Геранями» сняли на видео,Конфликты
Россиянам назвали пять необходимых перед ремонтом телефона действий,Общество
Россиянин поставил на гол Англии на ЧМ-2026 и выиграл 6,5 миллиона рублей,Спорт
Оперштаб Кубани высказался о загрязнении Черного моря,ЧП
Греция предупредила Зеленского после инцидента с морским дроном,Политика
Скандальная порнозвезда рассказала об отношении бойфренда к ее работе,Общество
Назван способ свести к нулю риск смерти от опасного вида рака,Наука
Лавров рассказал о «лицемерии» ЕС в вопросе переговоров,Политика
В США в отеле с фанатами сборной Шотландии произошла стрельба,ЧП
Президент Литвы предостерег Евросоюз от спешки в переговорах с Россией,Политика
Лавров высказался об экспансии Запада,Политика
23-летняя девушка пожаловалась на пикантную проблему во время орального секса,Общество
Мадьяр сделал тревожное для Зеленского заявление об Украине,Политика
Неизвестный открыл огонь в центре Нью-Йорка,ЧП
Хегсет резко высказался в адрес союзников США по НАТО,Политика
Лавров высказался о достижении целей СВО,Политика
Зеленский встретился с премьером Словакии,Политика
Мадьяр рассказал о принятом в последний момент решении по Украине,Политика
Бывшая жена банкира Бородина полуголой снялась для обложки Vogue,Общество
«Девочка до последнего держала своего брата»Двухметровые волны сутки убивали детей одного за другим. 10 лет трагедии на Сямозере,Культура
«У него нет принципов»30 лет назад Биньямин Нетаньяху впервые стал премьером Израиля. Как ему удается сохранить власть?,Политика
Сериал «Бухта вдов» — самый неожиданный хит сезона.За что этот необычный хоррор о проклятом острове полюбили зрители всего мира?,Культура
Электрический спортсмен.В России начались продажи одного из самых быстрых электромобилей — Avatr 12: тест-драйв «Ленты.ру»,Транспорт
18 июня: какой праздник отмечают в России и мире,Культура
«Он останется на стороне Украины». Трамп пригрозил новыми санкциями России и задумался о помощи Украине. Чего он добивается?,Политика
Зеленский рассказал о важном разговоре с Трампом,Политика
В Иране раскрыли детали меморандума с Вашингтоном,Политика
Британия крупно оштрафовала американскую компанию за нарушение санкций против России,Экономика
Петербургского миллиардера отправили в СИЗО,ЧП
Назван способ снизить риск рака в пожилом возрасте,Наука
Любовники занялись сексом перед тысячами людей,Общество
Посадка подавшего сигнал бедствия пассажирского лайнера попала на видео,ЧП
США и Иран удаленно подписали меморандум о взаимопонимании,Политика
Зеленский попытался поцеловать премьера страны ЕС и оконфузился,Политика
Иран предупредил США о последствиях одного опрометчивого шага,Политика
Найдено объяснение возникновению ощущения падения при засыпании,Наука
Сборная Англии обыграла Хорватию на ЧМ-2026,Спорт
Дочь Дольфа Лундгрена обнажила ягодицы на теннисном корте и вызвала ажиотаж в сети,Общество
В ООН отреагировали на удар ВСУ по автобусу с детьми в Брянской области,Политика
В ОДКБ осудили атаку ВСУ на автобус с детьми под Брянском,Политика
В России сообщили о попытках Украины дестабилизировать обстановку на границе с Белоруссией,Политика
В МИД отреагировали на предложения Украины о переговорах,Политика
В Киеве прозвучали взрывы,ЧП
Секретный документ с подписью Сталина продали на аукционе в США,Культура
Королеву красоты объявили одержимой дьяволом из-за утробного рычания,Общество
В России рассказали о вооруженном «до зубов» «Обманщике»,Конфликты
Трамп и Макрон поборолись на руках,Политика
На Западе заявили о переломной ситуации в зоне СВО на фоне саммита G7,Политика
Парень жестоко проучил болтавшую в кинотеатре женщину,Общество
В Москву массово приехали китайские прокуроры,Политика
Чемпионы страз и леопардовых принтов.Как футболисты удивляют фанатов своим внешним видом на ЧМ-2026 в Америке,Спорт
В Ираке сдвинули начало рабочего дня из-за матча сборной на ЧМ-2026,Общество
«У картелей есть преимущество»Как наемники ВСУ научили латиноамериканские банды дроновой войне и чем это угрожает ЧМ по футболу?,Политика
В кино — «Властелины вселенной».Новая версия культового фэнтези стоила 200 миллионов долларов. Чем она удивляет?,Культура
17 июня: какой праздник отмечают в России и мире,Культура
Сборная Франции с победы стартовала на ЧМ-2026,Спорт
Эффективность народных методов борьбы с вредителями на даче оценили,Общество
Ульянов прокомментировал слова командующего люфтваффе об ударах по Калининграду,Политика
Мбаппе стал самым результативным футболистом в истории сборной Франции,Спорт
«Калашников» покажет используемые в зоне СВО СВ-98 в Минске,Конфликты
Женщина отказалась от карьеры в крупной компании и стала БДСМ-госпожой по одной причине,Общество
Россиян предостерегли от встреч с лисами,Общество
«Это противоречит принципам ЕС». Европа захотела запретить въезд всем участникам СВО. Почему это невыполнимо?,Политика
В Евросоюзе вступил в силу первый этап запрета на трубопроводный газ из России,Экономика
В США заблокировали попытку ограничить полномочия Трампа в отношении Ирана,Политика
В России высказались о посреднической роли ООН в урегулировании конфликта на Украине,Политика
Раскрыты планы Путина на саммит Россия — АСЕАН,Политика
Сексолог объяснила появление хлюпающих звуков во время секса,Общество
Вэнс рассказал о нехватке боеприпасов для отправки Украине,Политика
В Британии заявили о политической изоляции Каллас,Политика
Отец убитого военного ВСУ рассказал о боях-онлайн и ставках на смерть,Конфликты
В сети появились снимки 53-летней Гвинет Пэлтроу в крошечном бикини без фотошопа,Общество
Елисейский дворец опубликовал видео с саммита G7 под российскую песню,Политика
На Западе назвали саммит G7 саммитом лузеров,Политика
Главного финансиста МЧС России отправили под домашний арест,ЧП
Привычный напиток связали со снижением риска смерти,Наука
Замужняя судья попала под следствие за шумный секс с женатым полицейским в своем кабинете,ЧП
В Белоруссии установили личности более 40 погибших  «Полка Калиновского»,Конфликты
Девушка приревновала мужа к собственной сестре по неожиданной причине,Общество
«Это нереально»Как блогер за пару дней сделал из заурядного футболиста сборной Новой Зеландии мировую звезду,Спорт
«Вначале я летела камнем вниз»88-летняя россиянка летает на параплане и прыгает с парашютом,Общество
"Любовные таблетки, секс с роботами и поиск партнеров по ДНК. Как уже в ближайшее время изменятся романтические отношения?",Общество
В российском городе загорелись отделения банков,ЧП
16 июня: какой праздник отмечают в России и мире,Культура
Появились подробности поджогов банкоматов в Туле,ЧП
Украина согласилась выполнить все условия вступления в ЕС,Политика
Раскрыты повышающие риск воспаления кишечника продукты,Наука
Мужчина заклеил себе пенис суперклеем,ЧП
Стало известно о регулярном заходе заминированных судов в российские порты,Конфликты
Мирошник заявил о планах Европы сорвать переговоры по Украине,Политика
Лукашенко предрек поражение Украине после потери Донбасса,Политика
Росавиация дала рекомендации для сверхлегких самолетов при атаках БПЛА,Транспорт
Популярная модель уменьшила грудь и нарвалась на критику мужчин,Общество
Врач назвала делающий восьмичасовой сон вредным фактор,Наука
Названы сроки разминирования Ормузского пролива,Политика
В США предрекли победу России в конфликте на Украине,Политика
В Евросоюзе пообещали «больно кусать» некоторые страны,Политика
Трамп сделал новое заявление об урегулировании на Украине,Политика
Умер создатель советского синтезатора «Поливокс»,Культура
Названо число погибших при крушении бомбардировщика в США,ЧП
В Венгрии напомнили о невозможности возвращения Орбана в кресло премьера,Политика
Франция скопировала российские «мангалы»,Конфликты
Учительница два года насиловала 14-летнего школьника,ЧП
Силовики заявили о пропаже обслуживающих самолеты ВСУ техников,Конфликты
Девушка элегантно отомстила грубой и высокомерной начальнице за хамство,Общество
Подозреваемый в поджоге отделений банков в Туле объяснил свой поступок,ЧП
Ельцин против всех.30 лет назад в России прошли самые странные президентские выборы в истории. Как Ельцин всех переиграл?,Культура
«Мусорный апокалипсис на каждом углу». Россияне приезжают в Индию и испытывают культурный шок. Что их поражает?,Общество
Толпа киевлян вышла против ТЦК из-за насильственной мобилизации. Прохожие заступились за парня и устроили потасовку с военкомами,Политика
Иран объявил «час Х»,Политика
15 июня: какой праздник отмечают в России и мире,Культура
В Одессе при попытке запуска взорвались боевые ракеты,ЧП
Пакистан заявил о достижении соглашения между США и Ираном,Политика
Нетаньяху захотел срочно встретиться с Трампом из-за Ирана,Политика
Названа причина повышенного риска смерти от рака мозга,Наука
Учительница христианской школы изнасиловала 15-летнего ученика в доме его тети,ЧП
Врио главы Белгородской области раскрыл послание Путина в день назначения,Политика
В Европе словом «безумие» ответили на предложение Зеленского,Политика
Раскрыты подробности бунта киевлян против ТЦК,Политика
Трамп объявил о мире с Ираном,Политика
Трамп распорядился снять блокаду Ирана,Политика
Сборная Нидерландов сыграла вничью с Японией на старте чемпионата мира,Спорт
На Украине назвали потенциальные цели ближайших российских ударов,Конфликты
54-летняя Кармен Электра порадовала фанатов снимками без штанов,Общество
Раскрыто unexpected сексуальное предпочтение зумеров,Общество
Иран подтвердил завершение работы над меморандумом с США,Политика
Названо число уничтоженных за неделю над территорией России беспилотников,Конфликты
Россиянам напомнили о двух коротких рабочих неделях в 2026 году,Общество
Тренер пообещал школьнице звездную карьеру и три года насиловал ее,ЧП
Вэнс раскрыл детали сделки США и Ирана,Политика
Военкоры сообщили о начале массированной ракетно-дроновой атаки по Украине,Конфликты
В США предупредили об опасной ситуации из-за отношения Запада к России,Политика
«Зрелище было жуткое»Как советский врач взорвал пассажирский автобус из-за ненависти к людям высокого роста,Культура
"«Мой поезд ушел, но сил подбросить угля найду»Александру Сокурову — 75 лет. Почему его называют самым важным режиссером России?",Культура
"«Вот это — курок, это — ствол, а это — мой сын»Федор Токарев создавал лучшее оружие. Почему за ним охотились даже немцы?",Культура
Огонь по своим.Что такое «дружеская бомбардировка» в отношениях и чем она может быть опасна?,Общество
14 июня: какой праздник отмечают в России и мире,Культура
Сборная Катара вырвала ничью у Швейцарии на старте чемпионата мира,Спорт
Зеленский оценил возможность Европы противостоять России без Украины,Политика
Трамп анонсировал новую дату подписания соглашения с Ираном. Президент США обещал заключить сделку уже 37 раз,Политика
На Украине неизвестные открыли огонь по прохожим,ЧП
Физик рассказал о правилах поведения при виде шаровой молнии,Наука
В Израиле назвали плохим соглашение США и Ирана,Политика
В одной стране рассказали о планах по закупке дизеля из России,Экономика
В МИД оценили вероятность встречи Путина и Трампа на саммите АТЭС,Политика
В США и Канаде начали набирать обороты сепаратистские инициативы,Политика
Херсонская область оказалась полностью обесточена,ЧП
Украине предсказали сложный и долгий процесс вступления в ЕС,Политика
Россиянам напомнили дату ближайшего нерабочего буднего дня,Общество
В ВСУ пожаловались на подход Сырского к формированию подразделений,Конфликты
В России предложили увеличить выплаты за сдачу крови,Общество
В США назвали удар ВСУ по Старобельску целенаправленным решением,Политика
Раскрыт самый выгодный срок вклада в июне,Экономика
На Западе предсказали полный крах Евросоюза при одном условии,Политика
В МИД пообещали ответить на посягательства Польши на дипнедвижимость,Политика
В Британии предупредили о генеральной репетиции новой пандемии,Наука
В Германии назвали утопией переговоры о вступлении Украины и Молдавии в ЕС,Политика
Генерал ВСУ предрек взятие под контроль российских войск Краматорска без боя,Конфликты
В России указали на недовольство поляков маниакальной поддержкой Украины со стороны власти,Политика
Сторонники туалетной бумаги и биде разругались из-за интимной гигиены. Точку в этом споре поставили врачи,Общество
"Кости настоящего д'Артаньяна стали причиной скандала в Европе.Объявившего о сенсации ученого ждал арест, обыски и уголовное дело",Культура
Вор в законе Боец поднял бунт в колонии и зашил себе рот.Почему о его стойкости ходили легенды?,Культура
Кадыров пошутил про западные санкции и свою кошку,Политика
Сборная Канады сыграла вничью с Боснией и Герцеговиной на старте чемпионата мира,Спорт
13 июня: какой праздник отмечают в России и мире,Культура
Европа потребовала от одной страны ввести визы для россиян,Политика
Госсекретарь США поздравил россиян с Днем России,Политика
Россиянин спрятал кокаин в партию мороженого тунца,ЧП
Бузова вышла на связь после операции,Культура
В Иране сообщили о предупредительном выстреле в сторону Ормузского пролива,Конфликты
Президент европейской страны призвал возобновить диалог с Россией,Политика
Мерц рассмешил членов партии АдГ заявлением по Украине,Политика
Россиян предупредили о рисках посещения Чили,Общество
На Западе раскрыли план Европы по украинскому конфликту,Политика
Стало известно о требовании Европы к одной стране ввести визы для россиян,Политика
В Армении задержали призывавшего к ударам по России блогера,ЧП
Иран раскрыл ключевые положения соглашения с США,Политика
Дмитриев призвал «Википедию» исправить статью о биолабораториях на Украине,Политика
ФИФА ответила на обвинения в завышении посещаемости матча чемпионата мира,Спорт
В США допустили затягивание конфликта из-за одной просьбы Зеленского,Политика
Спортивный магазин в западной стране выпустил кепки с надписью «Russia» на ЧМ,Спорт
США заявили о поддержке биолабораторий на Украине. Россия подозревала о них несколько лет. Как Москва отреагировала на признание?,Политика
В США рассказали о пресечении Трампом наземной операции в Иране,Политика
Неожиданную причину появления головных болей из-за новолуния объяснили,Наука
Раскрыта причина отказа Европы от предложения Путина о переговорах по Украине,Политика